# k	 withCaching	 noCaching	 ratio
1	 20	 20	0.0
2	 91	 109	0.1651376146788991
3	 258	 338	0.23668639053254437
4	 500	 703	0.2887624466571835
5	 707	 1042	0.32149712092130517
6	 755	 1132	0.3330388692579505
7	 617	 910	0.321978021978022
8	 383	 538	0.28810408921933084
9	 175	 228	0.2324561403508772
10	 55	 65	0.15384615384615385
